Test,TestId,Type,Item,Message,Data,Path
BASEGAMEVER,2,"Unknown","","No applicable items found for test Base Game Version (BASEGAMEVER)",,"",
BLOCKSCAT,2,"Unknown","","No applicable items found for test Blocks Catalog (BLOCKSCAT)",,"",
CBFG,1,"Test success","","Beta Features completed successfully",,"",
CDWORLDDATA,2,"Unknown","","No applicable items found for test Custom Dimension World Data Validation (CDWORLDDATA)",,"",
CHECKFEATUREDEPRECATION,2,"Unknown","","No applicable items found for test Feature Deprecation (CHECKFEATUREDEPRECATION)",,"",
CHKMANIF,1,"Test success","","Manifest Validation completed successfully",,"",
COMJSON,1,"Test success","","Community JSON Schema Validation completed successfully",,"",
COMJSON,1119,"Info","","Behavior pack animation is not at a current format version (is at 1.10.0)",,"/behavior_packs/shiroha7_dogeui/animations/sheepomelon.bp_anims.json",
COMJSON,1128,"Info","","Animation is not at a current format version (is at 1.8.0)",,"/resource_packs/shiroha7_dogeui/animations/biceson.animation.json",
COMJSON,1128,"Info","","Animation is not at a current format version (is at 1.8.0)",,"/resource_packs/shiroha7_dogeui/animations/frost_moose.animation.json",
COMJSON,1128,"Info","","Animation is not at a current format version (is at 1.8.0)",,"/resource_packs/shiroha7_dogeui/animations/nardolphle.animation.json",
COMJSON,1128,"Info","","Animation is not at a current format version (is at 1.8.0)",,"/resource_packs/shiroha7_dogeui/animations/sheepomelon.animation.json",
CPACKICON,1,"Test success","","Pack Icon completed successfully",,"",
CPARTI,1,"Test success","","Particle Identifiers completed successfully",,"",
CROSSREFINDEX,2,"Unknown","","No applicable items found for test Cross-Reference Index (CROSSREFINDEX)",,"",
CSPJ,1,"Test success","","Skin Pack Validation completed successfully",,"",
CWI,1,"Test success","","World Icons completed successfully",,"",
ENTITYTYPE,1,"Test success","","Entity Type completed successfully",,"",
EXPFLAG,2,"Unknown","","No applicable items found for test Experimental Flags (EXPFLAG)",,"",
FORBFILE,1,"Test success","","Forbidden Files completed successfully",,"",
FORMATVER,1,"Test success","","Format Version completed successfully",,"",
FORMATVER,216,"Recommendation","","Resource animation version (1.8.0) has a lower minor version number compared to the expected version (1.10.0) or its previous minor version",,"/resource_packs/shiroha7_dogeui/animations/biceson.animation.json",
FORMATVER,216,"Recommendation","","Resource animation version (1.8.0) has a lower minor version number compared to the expected version (1.10.0) or its previous minor version",,"/resource_packs/shiroha7_dogeui/animations/frost_moose.animation.json",
FORMATVER,216,"Recommendation","","Resource animation version (1.8.0) has a lower minor version number compared to the expected version (1.10.0) or its previous minor version",,"/resource_packs/shiroha7_dogeui/animations/nardolphle.animation.json",
FORMATVER,216,"Recommendation","","Resource animation version (1.8.0) has a lower minor version number compared to the expected version (1.10.0) or its previous minor version",,"/resource_packs/shiroha7_dogeui/animations/sheepomelon.animation.json",
FORMATVER,256,"Recommendation","","Spawn rules version (1.8.0) has a lower minor version number compared to the expected version (1.12.0) or its previous minor version",,"/behavior_packs/shiroha7_dogeui/spawn_rules/biceson.json",
FORMATVER,256,"Recommendation","","Spawn rules version (1.8.0) has a lower minor version number compared to the expected version (1.12.0) or its previous minor version",,"/behavior_packs/shiroha7_dogeui/spawn_rules/frost_moose.json",
FORMATVER,256,"Recommendation","","Spawn rules version (1.8.0) has a lower minor version number compared to the expected version (1.12.0) or its previous minor version",,"/behavior_packs/shiroha7_dogeui/spawn_rules/nardolphle.json",
FORMATVER,256,"Recommendation","","Spawn rules version (1.8.0) has a lower minor version number compared to the expected version (1.12.0) or its previous minor version",,"/behavior_packs/shiroha7_dogeui/spawn_rules/sheepomelon.json",
FORMATVER,296,"Recommendation","","Entity type resource version (1.8.0) has a lower minor version number compared to the expected version (1.26.30) or its previous minor version",,"/resource_packs/shiroha7_dogeui/entity/biceson.entity.json",
FORMATVER,296,"Recommendation","","Entity type resource version (1.8.0) has a lower minor version number compared to the expected version (1.26.30) or its previous minor version",,"/resource_packs/shiroha7_dogeui/entity/frost_moose.entity.json",
FORMATVER,296,"Recommendation","","Entity type resource version (1.8.0) has a lower minor version number compared to the expected version (1.26.30) or its previous minor version",,"/resource_packs/shiroha7_dogeui/entity/nardolphle.entity.json",
FORMATVER,296,"Recommendation","","Entity type resource version (1.10.0) has a lower minor version number compared to the expected version (1.26.30) or its previous minor version",,"/resource_packs/shiroha7_dogeui/entity/sheepomelon.entity.json",
FORMATVER,619,"Info","","Behavior pack animation format_version",1,10,0,"/behavior_packs/shiroha7_dogeui/animations/sheepomelon.bp_anims.json",
FORMATVER,620,"Info","","Behavior pack animation controller format_version",1,10,0,"/behavior_packs/shiroha7_dogeui/animation_controllers/sheepomelon.bp_ac.json",
FORMATVER,628,"Info","","Animation format_version",1,8,0,"/resource_packs/shiroha7_dogeui/animations/biceson.animation.json",
FORMATVER,628,"Info","","Animation format_version",1,8,0,"/resource_packs/shiroha7_dogeui/animations/frost_moose.animation.json",
FORMATVER,628,"Info","","Animation format_version",1,8,0,"/resource_packs/shiroha7_dogeui/animations/nardolphle.animation.json",
FORMATVER,628,"Info","","Animation format_version",1,8,0,"/resource_packs/shiroha7_dogeui/animations/sheepomelon.animation.json",
FORMATVER,630,"Info","","Entity type visuals/audio format_version",1,8,0,"/resource_packs/shiroha7_dogeui/entity/biceson.entity.json",
FORMATVER,630,"Info","","Entity type visuals/audio format_version",1,8,0,"/resource_packs/shiroha7_dogeui/entity/frost_moose.entity.json",
FORMATVER,630,"Info","","Entity type visuals/audio format_version",1,8,0,"/resource_packs/shiroha7_dogeui/entity/nardolphle.entity.json",
FORMATVER,630,"Info","","Entity type visuals/audio format_version",1,10,0,"/resource_packs/shiroha7_dogeui/entity/sheepomelon.entity.json",
FORMATVER,644,"Info","","Spawn rule format_version",1,8,0,"/behavior_packs/shiroha7_dogeui/spawn_rules/biceson.json",
FORMATVER,644,"Info","","Spawn rule format_version",1,8,0,"/behavior_packs/shiroha7_dogeui/spawn_rules/frost_moose.json",
FORMATVER,644,"Info","","Spawn rule format_version",1,8,0,"/behavior_packs/shiroha7_dogeui/spawn_rules/nardolphle.json",
FORMATVER,644,"Info","","Spawn rule format_version",1,8,0,"/behavior_packs/shiroha7_dogeui/spawn_rules/sheepomelon.json",
GEOFMT,1,"Test success","","Geometry Format completed successfully",,"",
GEOMETRY,1,"Test success","","Model Geometry Validation completed successfully",,"",
ITEMS,1,"Test success","","Minimum Definition of a Pack completed successfully",,"",
ITEMS,102,"Info","","Behavior pack manifest found",,"/behavior_packs/shiroha7_dogeui/manifest.json",
ITEMS,103,"Info","","Resource pack manifest found",,"/resource_packs/shiroha7_dogeui/manifest.json",
ITEMS,205,"Info","","Behavior pack manifest item count",1,"",
ITEMS,210,"Info","","Entity type item count",4,"",
ITEMS,213,"Info","","TypeScript item count",2,"",
ITEMS,214,"Info","","Resource pack manifest item count",1,"",
ITEMS,219,"Info","","Behavior pack animation item count",1,"",
ITEMS,220,"Info","","Behavior pack animation controller item count",1,"",
ITEMS,224,"Info","","Loot table item count",2,"",
ITEMS,227,"Info","","Sound catalog item count",1,"",
ITEMS,228,"Info","","Animation item count",4,"",
ITEMS,230,"Info","","Entity type visuals/audio item count",4,"",
ITEMS,232,"Info","","Model item count",4,"",
ITEMS,233,"Info","","Particle item count",2,"",
ITEMS,244,"Info","","Spawn rule item count",4,"",
ITEMS,258,"Info","","TypeScript config item count",1,"",
ITEMS,259,"Info","","NPM package definition item count",1,"",
ITEMS,275,"Info","","VS Code launch file item count",1,"",
ITEMS,276,"Info","","VS Code tasks item count",1,"",
ITEMS,277,"Info","","VS Code settings item count",1,"",
ITEMS,278,"Info","","VS Code extensions item count",1,"",
ITEMS,279,"Info","","Language translations item count",1,"",
ITEMS,299,"Info","","Texture item count",25,"",
ITEMS,303,"Info","","Icon item count",2,"",
ITEMS,309,"Info","","Behavior pack folder item count",1,"",
ITEMS,310,"Info","","Resource pack folder item count",1,"",
ITEMS,319,"Info","","Just config item count",1,"",
ITEMS,320,"Info","","ESLint config item count",1,"",
ITEMS,321,"Info","","Environment File item count",1,"",
ITEMS,322,"Info","","Prettier JavaScript/JSON style config item count",1,"",
ITEMTYPE,1,"Test success","","Item Type completed successfully",,"",
JSON,1,"Test success","","JSON Schema Validation completed successfully",,"",
JSON,1119,"Info","","Behavior pack animation is not at a current format version (is at 1.10.0)",,"/behavior_packs/shiroha7_dogeui/animations/sheepomelon.bp_anims.json",
JSON,1128,"Info","","Animation is not at a current format version (is at 1.8.0)",,"/resource_packs/shiroha7_dogeui/animations/biceson.animation.json",
JSON,1128,"Info","","Animation is not at a current format version (is at 1.8.0)",,"/resource_packs/shiroha7_dogeui/animations/frost_moose.animation.json",
JSON,1128,"Info","","Animation is not at a current format version (is at 1.8.0)",,"/resource_packs/shiroha7_dogeui/animations/nardolphle.animation.json",
JSON,1128,"Info","","Animation is not at a current format version (is at 1.8.0)",,"/resource_packs/shiroha7_dogeui/animations/sheepomelon.animation.json",
JSONF,1,"Test success","","JSON Structure completed successfully",,"",
JSONF,110,"Warning","","At geometry.nardolphle.visible_bounds_offset, data does not match expected type. Data '0,0.75,0' is of type number array, which does not match type 'Array of strings'.",,"/resource_packs/shiroha7_dogeui/models/entity/nardolphle.geo.json",
JSONTAGS,1,"Test success","","JSON Tags completed successfully",,"",
JSONTAGS,101,"Info","","Entity file","/behavior_packs/shiroha7_dogeui/entities/biceson.behavior.json","/behavior_packs/shiroha7_dogeui/entities/biceson.behavior.json",defaultComponents minecraftTypeFamily,1,defaultComponents minecraftBreathable,1,defaultComponents minecraftNameable,1,defaultComponents minecraftHealth,1,defaultComponents minecraftHurtOnCondition,1,defaultComponents minecraftCollisionBox,1,defaultComponents minecraftMovement,1,defaultComponents minecraftWaterMovement,1,defaultComponents minecraftNavigationWalk,1,defaultComponents minecraftMovementBasic,1,defaultComponents minecraftJumpStatic,1,defaultComponents minecraftCanClimb,1,defaultComponents minecraftFollowRange,1,defaultComponents minecraftDespawn,1,defaultComponents minecraftBehaviorFloat,1,defaultComponents minecraftBehaviorHurtByTarget,1,defaultComponents minecraftBehaviorRandomStroll,1,defaultComponents minecraftBehaviorLookAtPlayer,1,defaultComponents minecraftBehaviorRandomLookAround,1,defaultComponents minecraftPhysics,1,defaultComponents minecraftBehaviorPanic,1,defaultComponents minecraftLeashable,1,defaultComponents minecraftConditionalBandwidthOptimization,1,componentsUsedInComponentGroups minecraftIsBaby,1,componentsUsedInComponentGroups minecraftScale,1,componentsUsedInComponentGroups minecraftAgeable,1,componentsUsedInComponentGroups minecraftBehaviorFollowParent,1,componentsUsedInComponentGroups minecraftOnTargetAcquired,2,componentsUsedInComponentGroups minecraftBehaviorNearestAttackableTarget,2,componentsUsedInComponentGroups minecraftAngry,2,componentsUsedInComponentGroups minecraftExperienceReward,1,componentsUsedInComponentGroups minecraftLoot,1,componentsUsedInComponentGroups minecraftOnFriendlyAnger,1,componentsUsedInComponentGroups minecraftAttack,1,componentsUsedInComponentGroups minecraftBehaviorStompAttack,1,entityEvents randomize,1,entityEvents add,6,entityEvents remove,5,
JSONTAGS,101,"Info","","Entity file","/behavior_packs/shiroha7_dogeui/entities/frost_moose.behavior.json","/behavior_packs/shiroha7_dogeui/entities/frost_moose.behavior.json",defaultComponents minecraftTypeFamily,1,defaultComponents minecraftBreathable,1,defaultComponents minecraftNameable,1,defaultComponents minecraftMarkVariant,1,defaultComponents minecraftHealth,1,defaultComponents minecraftHurtOnCondition,1,defaultComponents minecraftMovement,1,defaultComponents minecraftNavigationWalk,1,defaultComponents minecraftMovementBasic,1,defaultComponents minecraftJumpStatic,1,defaultComponents minecraftFollowRange,1,defaultComponents minecraftLeashable,1,defaultComponents minecraftBalloonable,1,defaultComponents minecraftHealable,1,defaultComponents minecraftShooter,1,defaultComponents minecraftDespawn,1,defaultComponents minecraftBehaviorFloat,1,defaultComponents minecraftBehaviorRunAroundLikeCrazy,1,defaultComponents minecraftBehaviorFollowCaravan,1,defaultComponents minecraftBehaviorPanic,1,defaultComponents minecraftBehaviorRandomStroll,1,defaultComponents minecraftBehaviorLookAtPlayer,1,defaultComponents minecraftBehaviorRandomLookAround,1,defaultComponents minecraftBehaviorMountPathing,1,defaultComponents minecraftBehaviorHurtByTarget,1,defaultComponents minecraftConditionalBandwidthOptimization,1,defaultComponents minecraftDamageSensor,1,defaultComponents minecraftBehaviorNearestAttackableTarget,1,defaultComponents minecraftOnTargetAcquired,1,defaultComponents minecraftOnTargetEscape,1,defaultComponents minecraftPhysics,1,componentsUsedInComponentGroups minecraftIsBaby,1,componentsUsedInComponentGroups minecraftScale,1,componentsUsedInComponentGroups minecraftAgeable,1,componentsUsedInComponentGroups minecraftBehaviorFollowParent,1,componentsUsedInComponentGroups minecraftExperienceReward,1,componentsUsedInComponentGroups minecraftLoot,1,componentsUsedInComponentGroups minecraftCollisionBox,1,componentsUsedInComponentGroups minecraftBehaviorBreed,1,componentsUsedInComponentGroups minecraftBreedable,1,componentsUsedInComponentGroups minecraftMarkVariant,1,componentsUsedInComponentGroups minecraftOnFriendlyAnger,1,componentsUsedInComponentGroups minecraftEnvironmentSensor,1,componentsUsedInComponentGroups minecraftPersistent,1,componentsUsedInComponentGroups minecraftStrength,5,componentsUsedInComponentGroups minecraftVariant,4,componentsUsedInComponentGroups minecraftRideable,2,componentsUsedInComponentGroups minecraftTamemount,1,componentsUsedInComponentGroups minecraftIsTamed,1,componentsUsedInComponentGroups minecraftInventory,1,componentsUsedInComponentGroups minecraftEquippable,1,componentsUsedInComponentGroups minecraftInteract,1,componentsUsedInComponentGroups minecraftIsChested,1,componentsUsedInComponentGroups minecraftAngry,3,componentsUsedInComponentGroups minecraftBehaviorRangedAttack,3,componentsUsedInComponentGroups minecraftDamageSensor,1,entityEvents randomize,1,entityEvents add,10,entityEvents sequence,2,entityEvents remove,5,entityEvents trigger,2,
JSONTAGS,101,"Info","","Entity file","/behavior_packs/shiroha7_dogeui/entities/nardolphle.behavior.json","/behavior_packs/shiroha7_dogeui/entities/nardolphle.behavior.json",defaultComponents minecraftBreathable,1,defaultComponents minecraftNameable,1,defaultComponents minecraftHealth,1,defaultComponents minecraftDamageSensor,1,defaultComponents minecraftHurtOnCondition,1,defaultComponents minecraftMovement,1,defaultComponents minecraftWaterMovement,1,defaultComponents minecraftNavigationGeneric,1,defaultComponents minecraftMovementAmphibious,1,defaultComponents minecraftJumpStatic,1,defaultComponents minecraftPhysics,1,defaultComponents minecraftHome,1,defaultComponents minecraftFollowRange,1,defaultComponents minecraftDespawn,1,defaultComponents minecraftBehaviorPanic,1,defaultComponents minecraftBehaviorHurtByTarget,1,defaultComponents minecraftBehaviorTempt,1,defaultComponents minecraftBehaviorMoveToWater,1,defaultComponents minecraftBehaviorRandomSwim,1,defaultComponents minecraftBehaviorLookAtPlayer,1,defaultComponents minecraftConditionalBandwidthOptimization,1,componentsUsedInComponentGroups minecraftTypeFamily,2,componentsUsedInComponentGroups minecraftCollisionBox,2,componentsUsedInComponentGroups minecraftUnderwaterMovement,2,componentsUsedInComponentGroups minecraftIsBaby,1,componentsUsedInComponentGroups minecraftScale,1,componentsUsedInComponentGroups minecraftBehaviorMoveToWater,1,componentsUsedInComponentGroups minecraftAgeable,1,componentsUsedInComponentGroups minecraftExperienceReward,1,componentsUsedInComponentGroups minecraftLoot,1,componentsUsedInComponentGroups minecraftBreedable,1,componentsUsedInComponentGroups minecraftBehaviorBreed,1,componentsUsedInComponentGroups minecraftBehaviorMoveToLand,1,componentsUsedInComponentGroups minecraftBehaviorRandomStroll,1,componentsUsedInComponentGroups minecraftBehaviorGoHome,1,componentsUsedInComponentGroups minecraftBehaviorLayEgg,1,entityEvents randomize,1,entityEvents add,4,entityEvents remove,3,
JSONTAGS,101,"Info","","Entity file","/behavior_packs/shiroha7_dogeui/entities/sheepomelon.behavior.json","/behavior_packs/shiroha7_dogeui/entities/sheepomelon.behavior.json",defaultComponents minecraftTypeFamily,1,defaultComponents minecraftBreathable,1,defaultComponents minecraftCollisionBox,1,defaultComponents minecraftNameable,1,defaultComponents minecraftHealth,1,defaultComponents minecraftHurtOnCondition,1,defaultComponents minecraftMovement,1,defaultComponents minecraftNavigationWalk,1,defaultComponents minecraftMovementBasic,1,defaultComponents minecraftJumpStatic,1,defaultComponents minecraftCanClimb,1,defaultComponents minecraftInteract,1,defaultComponents minecraftLeashable,1,defaultComponents minecraftBalloonable,1,defaultComponents minecraftDespawn,1,defaultComponents minecraftBehaviorFloat,1,defaultComponents minecraftBehaviorPanic,1,defaultComponents minecraftBehaviorMountPathing,1,defaultComponents minecraftBehaviorTempt,1,defaultComponents minecraftBehaviorFollowParent,1,defaultComponents minecraftBehaviorEatBlock,1,defaultComponents minecraftBehaviorRandomStroll,1,defaultComponents minecraftBehaviorLookAtPlayer,1,defaultComponents minecraftBehaviorRandomLookAround,1,defaultComponents minecraftPhysics,1,defaultComponents minecraftConditionalBandwidthOptimization,1,componentsUsedInComponentGroups minecraftLoot,2,componentsUsedInComponentGroups minecraftRideable,2,componentsUsedInComponentGroups minecraftIsBaby,1,componentsUsedInComponentGroups minecraftScale,1,componentsUsedInComponentGroups minecraftAgeable,1,componentsUsedInComponentGroups minecraftBehaviorFollowParent,1,componentsUsedInComponentGroups minecraftExperienceReward,1,componentsUsedInComponentGroups minecraftBehaviorBreed,1,componentsUsedInComponentGroups minecraftBreedable,1,componentsUsedInComponentGroups minecraftIsSheared,1,componentsUsedInComponentGroups minecraftBehaviorNearestAttackableTarget,1,componentsUsedInComponentGroups minecraftBehaviorMeleeAttack,1,componentsUsedInComponentGroups minecraftAttack,1,entityEvents sequence,2,entityEvents add,5,entityEvents remove,3,
JSONTAGS,101,"Info","","Entity file","/behavior_packs/shiroha7_dogeui/loot_tables/entities/sheepomelon.json","/behavior_packs/shiroha7_dogeui/loot_tables/entities/sheepomelon.json",
JSONTAGS,101,"Info","","Entity file","/behavior_packs/shiroha7_dogeui/loot_tables/entities/sheepomelon_shear.json","/behavior_packs/shiroha7_dogeui/loot_tables/entities/sheepomelon_shear.json",
JSONTAGS,108,"Info","","Sounds file","/resource_packs/shiroha7_dogeui/sounds.json","/resource_packs/shiroha7_dogeui/sounds.json",
JSONTAGS,111,"Info","","Particle file","/resource_packs/shiroha7_dogeui/particles/fireworks_pop.json","/resource_packs/shiroha7_dogeui/particles/fireworks_pop.json",particleEmitterComponents minecraftEmitterRateInstant,1,particleEmitterComponents minecraftEmitterLifetimeOnce,1,particleEmitterComponents minecraftEmitterShapeSphere,1,particleComponents minecraftParticleInitialSpeed,1,particleComponents minecraftParticleInitialSpin,1,particleComponents minecraftParticleLifetimeExpression,1,particleComponents minecraftParticleLifetimeEvents,1,particleComponents minecraftParticleMotionDynamic,1,particleComponents minecraftParticleAppearanceBillboard,1,particleComponents minecraftParticleAppearanceTinting,1,
JSONTAGS,111,"Info","","Particle file","/resource_packs/shiroha7_dogeui/particles/smoke_puff.json","/resource_packs/shiroha7_dogeui/particles/smoke_puff.json",particleEmitterComponents minecraftEmitterRateInstant,1,particleEmitterComponents minecraftEmitterLifetimeOnce,1,particleEmitterComponents minecraftEmitterShapeSphere,1,particleComponents minecraftParticleInitialSpeed,1,particleComponents minecraftParticleInitialSpin,1,particleComponents minecraftParticleLifetimeExpression,1,particleComponents minecraftParticleMotionDynamic,1,particleComponents minecraftParticleAppearanceBillboard,1,particleComponents minecraftParticleAppearanceTinting,1,particleComponents minecraftParticleAppearanceLighting,1,
LINESIZE,1,"Test success","","File Line/Size Information completed successfully",,"",
MCFUNCTION,2,"Unknown","","No applicable items found for test MC Function Validation (MCFUNCTION)",,"",
MINENGINEVER,1,"Test success","","Min Engine Version completed successfully",,"",
MINENGINEVER,605,"Info","","Behavior pack manifest min_engine_version",1,26,30,"/behavior_packs/shiroha7_dogeui/manifest.json",
MINENGINEVER,614,"Info","","Resource pack manifest format_version",1,26,30,"/resource_packs/shiroha7_dogeui/manifest.json",
NOBOM,1,"Test success","","No Byte Order Mark allowed in json file. completed successfully",,"",
PACK,1,"Test success","","General info completed successfully",,"",
PACK,104,"Info","","Behavior Pack Name","Sample Add-on Pack","/behavior_packs/shiroha7_dogeui/manifest.json",
PACK,105,"Info","","Behavior Pack Description","Sample Add-on Behavior Pack","/behavior_packs/shiroha7_dogeui/manifest.json",
PACK,106,"Info","","Behavior Pack Id","d97948e5-2b3a-4873-9ede-bfae85393b4d|1.0.0","/behavior_packs/shiroha7_dogeui/manifest.json",
PACK,107,"Info","","Behavior Pack Min Engine Version",2,"/behavior_packs/shiroha7_dogeui/manifest.json",
PACK,107,"Info","","Behavior Pack Min Engine Version",1,26,30,"/behavior_packs/shiroha7_dogeui/manifest.json",
PACK,108,"Info","","Behavior Pack Uuid","d97948e5-2b3a-4873-9ede-bfae85393b4d","/behavior_packs/shiroha7_dogeui/manifest.json",
PACK,109,"Info","","Behavior Pack Manifest",,"/behavior_packs/shiroha7_dogeui/manifest.json",
PACK,111,"Info","","Resource Pack Min Engine Version",1,26,30,"/resource_packs/shiroha7_dogeui/manifest.json",
PACK,112,"Info","","Resource Pack Uuid","9a611d80-d5c5-4cb3-82bd-b6a533c0f281","/resource_packs/shiroha7_dogeui/manifest.json",
PACK,113,"Info","","Resource Pack Manifest",,"/resource_packs/shiroha7_dogeui/manifest.json",
PACK,114,"Info","","Resource Pack Name","Sample Add-on Pack","/resource_packs/shiroha7_dogeui/manifest.json",
PACK,115,"Info","","Resource Pack Description","Sample Add-on Resource Pack","/resource_packs/shiroha7_dogeui/manifest.json",
PACK,116,"Info","","Resource Pack Id","9a611d80-d5c5-4cb3-82bd-b6a533c0f281|1.0.0","/resource_packs/shiroha7_dogeui/manifest.json",
PACK,117,"Info","","Resource Pack Format Version",2,"/resource_packs/shiroha7_dogeui/manifest.json",
PACKMETADATA,1,"Test success","","General info completed successfully",,"",
PACKSIZE,1,"Test success","","Pack Size Information completed successfully",,"",
PATHLENGTH,1,"Test success","","Path Length completed successfully",,"",
PATHLENGTH,104,"Recommendation","","File path contains non-lowercase letters","Utilities.ts","",
PRJINT,1,"Test success","","Project Integrity completed successfully",,"",
RESOURCEANIMATION,1,"Test success","","Resource Animation completed successfully",,"",
RPDEPENDS,1,"Test success","","Resource Pack Dependencies completed successfully",,"",
SCRIPT,1,"Test success","","Script completed successfully",,"",
SCRIPTMODULE,1,"Test success","","Script Modules completed successfully",,"",
SCRIPTMODULE,100,"Info","","Behavior pack dependency on 2.1.0 at @minecraft/server-ui","2.1.0","/behavior_packs/shiroha7_dogeui/manifest.json",
SCRIPTMODULE,100,"Info","","Behavior pack dependency on 2.8.0 at @minecraft/server","2.8.0","/behavior_packs/shiroha7_dogeui/manifest.json",
SCRIPTMODULE,101,"Info","","Package.json registers usage of @minecraft/math at 2.2.7","2.2.7","/package.json",
SCRIPTMODULE,101,"Info","","Package.json registers usage of @minecraft/server at 2.0.0","2.0.0","/package.json",
SCRIPTMODULE,101,"Info","","Package.json registers usage of @minecraft/server-ui at 2.0.0","2.0.0","/package.json",
SCRIPTMODULE,101,"Info","","Package.json registers usage of @minecraft/vanilla-data at 1.21.90","1.21.90","/package.json",
SCRIPTMODULE,102,"Info","","Package.json registers developer usage of @minecraft/core-build-tasks at 5.5.0","5.5.0","/package.json",
SNDSDEF,2,"Unknown","","No applicable items found for test Sound Definitions (SNDSDEF)",,"",
STRICT,1,"Test success","","Strict Platform completed successfully",,"",
STRICT,101,"Warning","","Uses a runtime_identifier override","minecraft:llama","/behavior_packs/shiroha7_dogeui/entities/frost_moose.behavior.json",
SUMMARY,1,"Test success","","Summary Information completed successfully",,"",
TEXTURE,1,"Test success","","Texture Validation completed successfully",,"",
TEXTUREIMAGE,1,"Test success","","Texture Image Validation completed successfully",,"",
TEXTUREREF,1,"Test success","","Texture References completed successfully",,"",
TYPES,1,"Test success","","Types Info Aggregation completed successfully",,"",
UNKFILE,1,"Test success","","Unknown files completed successfully",,"",
UNKJSON,1,"Test success","","Unknown JSON completed successfully",,"",
UNLINK,1,"Test success","","Unlinked Items completed successfully",,"",
UNLINK,205,"Recommendation","","Link to vanilla item type item; avoid if possible","minecraft:melon","/behavior_packs/shiroha7_dogeui/loot_tables/entities/sheepomelon.json",
UNLINK,205,"Recommendation","","Link to vanilla item type item; avoid if possible","minecraft:muttonRaw","/behavior_packs/shiroha7_dogeui/loot_tables/entities/sheepomelon.json",
UNLINK,205,"Recommendation","","Link to vanilla item type item; avoid if possible","minecraft:melon","/behavior_packs/shiroha7_dogeui/loot_tables/entities/sheepomelon_shear.json",
UNLINK,205,"Recommendation","","Link to vanilla texture item; avoid if possible","textures/entity/llama/decor/trader_llama_decor","/resource_packs/shiroha7_dogeui/entity/frost_moose.entity.json",
UNLINK,205,"Recommendation","","Link to vanilla model item; avoid if possible","geometry.sheep.sheared.v1.8","/resource_packs/shiroha7_dogeui/entity/sheepomelon.entity.json",
UNLINK,205,"Recommendation","","Link to vanilla texture item; avoid if possible","textures/particle/particles","/resource_packs/shiroha7_dogeui/particles/fireworks_pop.json",
UNLINK,205,"Recommendation","","Link to vanilla texture item; avoid if possible","textures/particle/particles","/resource_packs/shiroha7_dogeui/particles/smoke_puff.json",
UNLINK,205,"Recommendation","","Link to vanilla sound catalog item; avoid if possible","mob.dolphin.attack","/resource_packs/shiroha7_dogeui/sounds.json",
UNLINK,205,"Recommendation","","Link to vanilla sound catalog item; avoid if possible","mob.dolphin.blowhole","/resource_packs/shiroha7_dogeui/sounds.json",
UNLINK,205,"Recommendation","","Link to vanilla sound catalog item; avoid if possible","mob.dolphin.death","/resource_packs/shiroha7_dogeui/sounds.json",
UNLINK,205,"Recommendation","","Link to vanilla sound catalog item; avoid if possible","mob.dolphin.eat","/resource_packs/shiroha7_dogeui/sounds.json",
UNLINK,205,"Recommendation","","Link to vanilla sound catalog item; avoid if possible","mob.dolphin.hurt","/resource_packs/shiroha7_dogeui/sounds.json",
UNLINK,205,"Recommendation","","Link to vanilla sound catalog item; avoid if possible","mob.dolphin.idle","/resource_packs/shiroha7_dogeui/sounds.json",
UNLINK,205,"Recommendation","","Link to vanilla sound catalog item; avoid if possible","mob.dolphin.idle_water","/resource_packs/shiroha7_dogeui/sounds.json",
UNLINK,205,"Recommendation","","Link to vanilla sound catalog item; avoid if possible","mob.dolphin.jump","/resource_packs/shiroha7_dogeui/sounds.json",
UNLINK,205,"Recommendation","","Link to vanilla sound catalog item; avoid if possible","mob.dolphin.splash","/resource_packs/shiroha7_dogeui/sounds.json",
UNLINK,205,"Recommendation","","Link to vanilla sound catalog item; avoid if possible","mob.dolphin.swim","/resource_packs/shiroha7_dogeui/sounds.json",
UNLINK,205,"Recommendation","","Link to vanilla sound catalog item; avoid if possible","mob.horse.armor","/resource_packs/shiroha7_dogeui/sounds.json",
UNLINK,205,"Recommendation","","Link to vanilla sound catalog item; avoid if possible","mob.llama.angry","/resource_packs/shiroha7_dogeui/sounds.json",
UNLINK,205,"Recommendation","","Link to vanilla sound catalog item; avoid if possible","mob.llama.death","/resource_packs/shiroha7_dogeui/sounds.json",
UNLINK,205,"Recommendation","","Link to vanilla sound catalog item; avoid if possible","mob.llama.eat","/resource_packs/shiroha7_dogeui/sounds.json",
UNLINK,205,"Recommendation","","Link to vanilla sound catalog item; avoid if possible","mob.llama.hurt","/resource_packs/shiroha7_dogeui/sounds.json",
UNLINK,205,"Recommendation","","Link to vanilla sound catalog item; avoid if possible","mob.llama.idle","/resource_packs/shiroha7_dogeui/sounds.json",
UNLINK,205,"Recommendation","","Link to vanilla sound catalog item; avoid if possible","mob.llama.step","/resource_packs/shiroha7_dogeui/sounds.json",
UNLINK,205,"Recommendation","","Link to vanilla sound catalog item; avoid if possible","mob.llama.swag","/resource_packs/shiroha7_dogeui/sounds.json",
UNLINK,205,"Recommendation","","Link to vanilla sound catalog item; avoid if possible","mob.polarbear.death","/resource_packs/shiroha7_dogeui/sounds.json",
UNLINK,205,"Recommendation","","Link to vanilla sound catalog item; avoid if possible","mob.polarbear.hurt","/resource_packs/shiroha7_dogeui/sounds.json",
UNLINK,205,"Recommendation","","Link to vanilla sound catalog item; avoid if possible","mob.polarbear.idle","/resource_packs/shiroha7_dogeui/sounds.json",
UNLINK,205,"Recommendation","","Link to vanilla sound catalog item; avoid if possible","mob.polarbear.step","/resource_packs/shiroha7_dogeui/sounds.json",
UNLINK,205,"Recommendation","","Link to vanilla sound catalog item; avoid if possible","mob.polarbear.warning","/resource_packs/shiroha7_dogeui/sounds.json",
UNLINK,205,"Recommendation","","Link to vanilla sound catalog item; avoid if possible","mob.polarbear_baby.idle","/resource_packs/shiroha7_dogeui/sounds.json",
UNLINK,205,"Recommendation","","Link to vanilla sound catalog item; avoid if possible","mob.sheep.say","/resource_packs/shiroha7_dogeui/sounds.json",
UNLINK,205,"Recommendation","","Link to vanilla sound catalog item; avoid if possible","mob.sheep.step","/resource_packs/shiroha7_dogeui/sounds.json",
VALFILE,2,"Unknown","","No applicable items found for test Valid files (VALFILE)",,"",
VSCODEFILE,1,"Test success","","VSCode Files completed successfully",,"",
VSCODEFILE,101,"Info","","Project has a VSCode launch file, but is not configured for Minecraft server launch.",,"/.vscode/launch.json",
WORLD,2,"Unknown","","No applicable items found for test World Validation (WORLD)",,"",
WORLDDATA,1,"Test success","","World Data Validation completed successfully",,"",
WPACKREFS,1,"Test success","","World Pack References completed successfully",,"",